,sex,Cell type,Proportion
0,female,epithelial cell,
1,female,epithelial cell,
2,male,epithelial cell,
3,male,epithelial cell,
4,female,epithelial cell,
5,female,epithelial cell,
6,male,epithelial cell,
7,male,epithelial cell,
8,female,epithelial cell,
9,female,epithelial cell,
10,male,epithelial cell,
11,male,epithelial cell,
12,female,epithelial cell,
13,female,epithelial cell,
14,male,epithelial cell,
15,male,epithelial cell,
16,female,epithelial cell,
17,female,epithelial cell,
18,male,epithelial cell,
19,male,epithelial cell,
20,female,epithelial cell,
21,female,epithelial cell,
22,male,epithelial cell,
23,male,epithelial cell,
24,female,epithelial cell,
25,female,epithelial cell,
26,male,epithelial cell,
27,male,epithelial cell,
28,female,epithelial cell,
29,female,epithelial cell,
30,male,epithelial cell,
31,male,epithelial cell,
32,female,epithelial cell,
33,female,epithelial cell,
34,male,epithelial cell,
35,male,epithelial cell,
36,female,epithelial cell,
37,female,epithelial cell,
38,male,epithelial cell,
39,male,epithelial cell,
40,female,epithelial cell,
41,female,epithelial cell,
42,male,epithelial cell,
43,male,epithelial cell,
44,female,epithelial cell,
45,female,epithelial cell,
46,male,epithelial cell,
47,male,epithelial cell,
48,female,epithelial cell,
49,female,epithelial cell,
50,male,epithelial cell,
51,male,epithelial cell,
52,female,epithelial cell,
53,female,epithelial cell,
54,male,epithelial cell,
55,male,epithelial cell,
56,female,epithelial cell,
57,female,epithelial cell,
58,male,epithelial cell,
59,male,epithelial cell,
60,female,epithelial cell,
61,female,epithelial cell,
62,male,epithelial cell,
63,male,epithelial cell,
64,female,epithelial cell,
65,female,epithelial cell,
66,male,epithelial cell,
67,male,epithelial cell,
68,female,epithelial cell,
69,female,epithelial cell,
70,male,epithelial cell,
71,male,epithelial cell,
72,female,epithelial cell,
73,female,epithelial cell,
74,male,epithelial cell,0.014918190567853706
75,male,epithelial cell,
76,female,epithelial cell,
77,female,epithelial cell,
78,male,epithelial cell,
79,male,epithelial cell,
80,female,epithelial cell,
81,female,epithelial cell,
82,male,epithelial cell,
83,male,epithelial cell,
84,female,epithelial cell,
85,female,epithelial cell,
86,male,epithelial cell,
87,male,epithelial cell,
88,female,epithelial cell,
89,female,epithelial cell,
90,male,epithelial cell,
91,male,epithelial cell,
92,female,epithelial cell,
93,female,epithelial cell,
94,male,epithelial cell,
95,male,epithelial cell,
96,female,epithelial cell,
97,female,epithelial cell,
98,male,epithelial cell,0.0023802439750074383
99,male,epithelial cell,0.010810810810810811
100,female,epithelial cell,
101,female,epithelial cell,
102,male,epithelial cell,
103,male,epithelial cell,
104,female,epithelial cell,
105,female,epithelial cell,
106,male,epithelial cell,
107,male,epithelial cell,
108,female,epithelial cell,
109,female,epithelial cell,0.02434900236726412
110,male,epithelial cell,
111,male,epithelial cell,
112,female,epithelial cell,
113,female,epithelial cell,0.0049504950495049506
114,male,epithelial cell,
115,male,epithelial cell,
116,female,epithelial cell,
117,female,epithelial cell,
118,male,epithelial cell,
119,male,epithelial cell,
120,female,epithelial cell,
121,female,epithelial cell,
122,male,epithelial cell,
123,male,epithelial cell,
124,female,epithelial cell,
125,female,epithelial cell,0.003843197540353574
126,male,epithelial cell,
127,male,epithelial cell,
128,female,epithelial cell,
129,female,epithelial cell,
130,male,epithelial cell,
131,male,epithelial cell,
132,female,epithelial cell,
133,female,epithelial cell,
134,male,epithelial cell,
135,male,epithelial cell,
136,female,epithelial cell,
137,female,epithelial cell,
138,male,epithelial cell,
139,male,epithelial cell,
140,female,epithelial cell,
141,female,epithelial cell,
142,male,epithelial cell,
143,male,epithelial cell,
144,female,epithelial cell,
145,female,epithelial cell,
146,male,epithelial cell,
147,male,epithelial cell,
148,female,epithelial cell,
149,female,epithelial cell,
150,male,epithelial cell,
151,male,epithelial cell,
152,female,epithelial cell,
153,female,epithelial cell,
154,male,epithelial cell,
155,male,epithelial cell,
156,female,epithelial cell,
157,female,epithelial cell,
158,male,epithelial cell,
159,male,epithelial cell,
160,female,epithelial cell,0.02401656314699793
161,female,epithelial cell,
162,male,epithelial cell,
163,male,epithelial cell,
164,female,epithelial cell,
165,female,epithelial cell,
166,male,epithelial cell,
167,male,epithelial cell,
168,female,epithelial cell,0.0021284829721362228
169,female,epithelial cell,
170,male,epithelial cell,
171,male,epithelial cell,
172,female,epithelial cell,
173,female,epithelial cell,
174,male,epithelial cell,0.002939735423811857
175,male,epithelial cell,0.0010683760683760685
176,female,epithelial cell,0.015149839654981755
177,female,epithelial cell,0.07703624448308145
178,male,epithelial cell,
179,male,epithelial cell,
180,female,epithelial cell,
181,female,epithelial cell,
182,male,epithelial cell,
183,male,epithelial cell,
184,female,epithelial cell,
185,female,epithelial cell,
186,male,epithelial cell,
187,male,epithelial cell,
188,female,epithelial cell,0.020301624129930394
189,female,epithelial cell,0.010040160642570281
190,male,epithelial cell,
191,male,epithelial cell,
192,female,epithelial cell,0.016757436112274822
193,female,epithelial cell,0.005991285403050109
194,male,epithelial cell,
195,male,epithelial cell,
196,female,epithelial cell,0.022727272727272728
197,female,epithelial cell,0.08969072164948454
198,male,epithelial cell,
199,male,epithelial cell,
200,female,epithelial cell,
201,female,epithelial cell,
202,male,epithelial cell,0.0038554216867469878
203,male,epithelial cell,0.008699975142928163
204,female,epithelial cell,0.030369961347321922
205,female,epithelial cell,0.04031379385487034
206,male,epithelial cell,
207,male,epithelial cell,
208,female,epithelial cell,
209,female,epithelial cell,
210,male,epithelial cell,0.012036743744060817
211,male,epithelial cell,0.007464829170255527
212,female,epithelial cell,0.016893732970027248
213,female,epithelial cell,0.010745313214449017
214,male,epithelial cell,
215,male,epithelial cell,
216,female,epithelial cell,0.02516602586508214
217,female,epithelial cell,0.0747076656561282
218,male,epithelial cell,
219,male,epithelial cell,
220,female,epithelial cell,
221,female,epithelial cell,
222,male,epithelial cell,0.018471872376154493
223,male,epithelial cell,0.022002200220022004
224,female,epithelial cell,0.02927400468384075
225,female,epithelial cell,0.23945981554677206
226,male,epithelial cell,
227,male,epithelial cell,
228,female,epithelial cell,0.022935779816513763
229,female,epithelial cell,0.025145067698259187
230,male,epithelial cell,
231,male,epithelial cell,
232,female,epithelial cell,
233,female,epithelial cell,
234,male,epithelial cell,0.00872093023255814
235,male,epithelial cell,0.009453072248480757
236,female,macrophage,
237,female,macrophage,
238,male,macrophage,
239,male,macrophage,
240,female,macrophage,
241,female,macrophage,
242,male,macrophage,
243,male,macrophage,
244,female,macrophage,
245,female,macrophage,
246,male,macrophage,
247,male,macrophage,
248,female,macrophage,
249,female,macrophage,
250,male,macrophage,
251,male,macrophage,
252,female,macrophage,
253,female,macrophage,
254,male,macrophage,
255,male,macrophage,
256,female,macrophage,
257,female,macrophage,
258,male,macrophage,
259,male,macrophage,
260,female,macrophage,
261,female,macrophage,
262,male,macrophage,
263,male,macrophage,
264,female,macrophage,
265,female,macrophage,
266,male,macrophage,
267,male,macrophage,
268,female,macrophage,
269,female,macrophage,
270,male,macrophage,
271,male,macrophage,
272,female,macrophage,
273,female,macrophage,
274,male,macrophage,
275,male,macrophage,
276,female,macrophage,
277,female,macrophage,
278,male,macrophage,
279,male,macrophage,
280,female,macrophage,
281,female,macrophage,
282,male,macrophage,
283,male,macrophage,
284,female,macrophage,
285,female,macrophage,
286,male,macrophage,
287,male,macrophage,
288,female,macrophage,
289,female,macrophage,
290,male,macrophage,
291,male,macrophage,
292,female,macrophage,
293,female,macrophage,
294,male,macrophage,
295,male,macrophage,
296,female,macrophage,
297,female,macrophage,
298,male,macrophage,
299,male,macrophage,
300,female,macrophage,
301,female,macrophage,
302,male,macrophage,
303,male,macrophage,
304,female,macrophage,
305,female,macrophage,
306,male,macrophage,
307,male,macrophage,
308,female,macrophage,
309,female,macrophage,
310,male,macrophage,0.2584215591915303
311,male,macrophage,
312,female,macrophage,
313,female,macrophage,
314,male,macrophage,
315,male,macrophage,
316,female,macrophage,
317,female,macrophage,
318,male,macrophage,
319,male,macrophage,
320,female,macrophage,
321,female,macrophage,
322,male,macrophage,
323,male,macrophage,
324,female,macrophage,
325,female,macrophage,
326,male,macrophage,
327,male,macrophage,
328,female,macrophage,
329,female,macrophage,
330,male,macrophage,
331,male,macrophage,
332,female,macrophage,
333,female,macrophage,
334,male,macrophage,0.6804522463552514
335,male,macrophage,0.25585585585585585
336,female,macrophage,
337,female,macrophage,
338,male,macrophage,
339,male,macrophage,
340,female,macrophage,
341,female,macrophage,
342,male,macrophage,
343,male,macrophage,
344,female,macrophage,
345,female,macrophage,0.16503212715590126
346,male,macrophage,
347,male,macrophage,
348,female,macrophage,
349,female,macrophage,0.037953795379537955
350,male,macrophage,
351,male,macrophage,
352,female,macrophage,
353,female,macrophage,
354,male,macrophage,
355,male,macrophage,
356,female,macrophage,
357,female,macrophage,
358,male,macrophage,
359,male,macrophage,
360,female,macrophage,
361,female,macrophage,0.09531129900076864
362,male,macrophage,
363,male,macrophage,
364,female,macrophage,
365,female,macrophage,
366,male,macrophage,
367,male,macrophage,
368,female,macrophage,
369,female,macrophage,
370,male,macrophage,
371,male,macrophage,
372,female,macrophage,
373,female,macrophage,
374,male,macrophage,
375,male,macrophage,
376,female,macrophage,
377,female,macrophage,
378,male,macrophage,
379,male,macrophage,
380,female,macrophage,
381,female,macrophage,
382,male,macrophage,
383,male,macrophage,
384,female,macrophage,
385,female,macrophage,
386,male,macrophage,
387,male,macrophage,
388,female,macrophage,
389,female,macrophage,
390,male,macrophage,
391,male,macrophage,
392,female,macrophage,
393,female,macrophage,
394,male,macrophage,
395,male,macrophage,
396,female,macrophage,0.13581780538302277
397,female,macrophage,
398,male,macrophage,
399,male,macrophage,
400,female,macrophage,
401,female,macrophage,
402,male,macrophage,
403,male,macrophage,
404,female,macrophage,0.39647832817337464
405,female,macrophage,
406,male,macrophage,
407,male,macrophage,
408,female,macrophage,
409,female,macrophage,
410,male,macrophage,0.3392944634982852
411,male,macrophage,0.2537393162393162
412,female,macrophage,0.08172066791993807
413,female,macrophage,0.1742677544469707
414,male,macrophage,
415,male,macrophage,
416,female,macrophage,
417,female,macrophage,
418,male,macrophage,
419,male,macrophage,
420,female,macrophage,
421,female,macrophage,
422,male,macrophage,
423,male,macrophage,
424,female,macrophage,0.7146171693735499
425,female,macrophage,0.20481927710843373
426,male,macrophage,
427,male,macrophage,
428,female,macrophage,0.45245077503142017
429,female,macrophage,0.21459694989106753
430,male,macrophage,
431,male,macrophage,
432,female,macrophage,0.4049043062200957
433,female,macrophage,0.2097938144329897
434,male,macrophage,
435,male,macrophage,
436,female,macrophage,
437,female,macrophage,
438,male,macrophage,0.18795180722891566
439,male,macrophage,0.03131991051454139
440,female,macrophage,0.41855328547763665
441,female,macrophage,0.21616910002179124
442,male,macrophage,
443,male,macrophage,
444,female,macrophage,
445,female,macrophage,
446,male,macrophage,0.25245486221095975
447,male,macrophage,0.14843525696238874
448,female,macrophage,0.5547683923705722
449,female,macrophage,0.15797896662094194
450,male,macrophage,
451,male,macrophage,
452,female,macrophage,0.10730513806361412
453,female,macrophage,0.12191424859246427
454,male,macrophage,
455,male,macrophage,
456,female,macrophage,
457,female,macrophage,
458,male,macrophage,0.37741393786733834
459,male,macrophage,0.1276127612761276
460,female,macrophage,0.29156908665105385
461,female,macrophage,0.2427536231884058
462,male,macrophage,
463,male,macrophage,
464,female,macrophage,0.01651376146788991
465,female,macrophage,0.027079303675048357
466,male,macrophage,
467,male,macrophage,
468,female,macrophage,
469,female,macrophage,
470,male,macrophage,0.4874031007751938
471,male,macrophage,0.3153274814314652
472,female,B cell,
473,female,B cell,
474,male,B cell,
475,male,B cell,
476,female,B cell,
477,female,B cell,
478,male,B cell,
479,male,B cell,
480,female,B cell,
481,female,B cell,
482,male,B cell,
483,male,B cell,
484,female,B cell,
485,female,B cell,
486,male,B cell,
487,male,B cell,
488,female,B cell,
489,female,B cell,
490,male,B cell,
491,male,B cell,
492,female,B cell,
493,female,B cell,
494,male,B cell,
495,male,B cell,
496,female,B cell,
497,female,B cell,
498,male,B cell,
499,male,B cell,
500,female,B cell,
501,female,B cell,
502,male,B cell,
503,male,B cell,
504,female,B cell,
505,female,B cell,
506,male,B cell,
507,male,B cell,
508,female,B cell,
509,female,B cell,
510,male,B cell,
511,male,B cell,
512,female,B cell,
513,female,B cell,
514,male,B cell,
515,male,B cell,
516,female,B cell,
517,female,B cell,
518,male,B cell,
519,male,B cell,
520,female,B cell,
521,female,B cell,
522,male,B cell,
523,male,B cell,
524,female,B cell,
525,female,B cell,
526,male,B cell,
527,male,B cell,
528,female,B cell,
529,female,B cell,
530,male,B cell,
531,male,B cell,
532,female,B cell,
533,female,B cell,
534,male,B cell,
535,male,B cell,
536,female,B cell,
537,female,B cell,
538,male,B cell,
539,male,B cell,
540,female,B cell,
541,female,B cell,
542,male,B cell,
543,male,B cell,
544,female,B cell,
545,female,B cell,
546,male,B cell,0.03946102021174206
547,male,B cell,
548,female,B cell,
549,female,B cell,
550,male,B cell,
551,male,B cell,
552,female,B cell,
553,female,B cell,
554,male,B cell,
555,male,B cell,
556,female,B cell,
557,female,B cell,
558,male,B cell,
559,male,B cell,
560,female,B cell,
561,female,B cell,
562,male,B cell,
563,male,B cell,
564,female,B cell,
565,female,B cell,
566,male,B cell,
567,male,B cell,
568,female,B cell,
569,female,B cell,
570,male,B cell,0.006248140434394526
571,male,B cell,0.1783783783783784
572,female,B cell,
573,female,B cell,
574,male,B cell,
575,male,B cell,
576,female,B cell,
577,female,B cell,
578,male,B cell,
579,male,B cell,
580,female,B cell,
581,female,B cell,0.466689212039229
582,male,B cell,
583,male,B cell,
584,female,B cell,
585,female,B cell,0.07425742574257425
586,male,B cell,
587,male,B cell,
588,female,B cell,
589,female,B cell,
590,male,B cell,
591,male,B cell,
592,female,B cell,
593,female,B cell,
594,male,B cell,
595,male,B cell,
596,female,B cell,
597,female,B cell,0.10530361260568794
598,male,B cell,
599,male,B cell,
600,female,B cell,
601,female,B cell,
602,male,B cell,
603,male,B cell,
604,female,B cell,
605,female,B cell,
606,male,B cell,
607,male,B cell,
608,female,B cell,
609,female,B cell,
610,male,B cell,
611,male,B cell,
612,female,B cell,
613,female,B cell,
614,male,B cell,
615,male,B cell,
616,female,B cell,
617,female,B cell,
618,male,B cell,
619,male,B cell,
620,female,B cell,
621,female,B cell,
622,male,B cell,
623,male,B cell,
624,female,B cell,
625,female,B cell,
626,male,B cell,
627,male,B cell,
628,female,B cell,
629,female,B cell,
630,male,B cell,
631,male,B cell,
632,female,B cell,0.0670807453416149
633,female,B cell,
634,male,B cell,
635,male,B cell,
636,female,B cell,
637,female,B cell,
638,male,B cell,
639,male,B cell,
640,female,B cell,0.027670278637770898
641,female,B cell,
642,male,B cell,
643,male,B cell,
644,female,B cell,
645,female,B cell,
646,male,B cell,0.00857422831945125
647,male,B cell,0.01201923076923077
648,female,B cell,0.04301669799845184
649,female,B cell,0.11154206232446168
650,male,B cell,
651,male,B cell,
652,female,B cell,
653,female,B cell,
654,male,B cell,
655,male,B cell,
656,female,B cell,
657,female,B cell,
658,male,B cell,
659,male,B cell,
660,female,B cell,0.022041763341067284
661,female,B cell,0.04685408299866131
662,male,B cell,
663,male,B cell,
664,female,B cell,0.020527859237536656
665,female,B cell,0.12854030501089325
666,male,B cell,
667,male,B cell,
668,female,B cell,0.005382775119617225
669,female,B cell,0.03556701030927835
670,male,B cell,
671,male,B cell,
672,female,B cell,
673,female,B cell,
674,male,B cell,0.011566265060240964
675,male,B cell,0.03554561272682078
676,female,B cell,0.020614761641818517
677,female,B cell,0.07626933972543037
678,male,B cell,
679,male,B cell,
680,female,B cell,
681,female,B cell,
682,male,B cell,0.011719987329743428
683,male,B cell,0.037037037037037035
684,female,B cell,0.0032697547683923707
685,female,B cell,0.006401463191586648
686,male,B cell,
687,male,B cell,
688,female,B cell,0.023418385180006992
689,female,B cell,0.13230835859679516
690,male,B cell,
691,male,B cell,
692,female,B cell,
693,female,B cell,
694,male,B cell,0.003778337531486146
695,male,B cell,0.026402640264026403
696,female,B cell,0.00936768149882904
697,female,B cell,0.03392621870882741
698,male,B cell,
699,male,B cell,
700,female,B cell,0.014678899082568808
701,female,B cell,0.15860735009671179
702,male,B cell,
703,male,B cell,
704,female,B cell,
705,female,B cell,
706,male,B cell,0.011627906976744186
707,male,B cell,0.04456448345712356
708,female,CD4+ T cell,
709,female,CD4+ T cell,
710,male,CD4+ T cell,
711,male,CD4+ T cell,
712,female,CD4+ T cell,
713,female,CD4+ T cell,
714,male,CD4+ T cell,
715,male,CD4+ T cell,
716,female,CD4+ T cell,
717,female,CD4+ T cell,
718,male,CD4+ T cell,
719,male,CD4+ T cell,
720,female,CD4+ T cell,
721,female,CD4+ T cell,
722,male,CD4+ T cell,
723,male,CD4+ T cell,
724,female,CD4+ T cell,
725,female,CD4+ T cell,
726,male,CD4+ T cell,
727,male,CD4+ T cell,
728,female,CD4+ T cell,
729,female,CD4+ T cell,
730,male,CD4+ T cell,
731,male,CD4+ T cell,
732,female,CD4+ T cell,
733,female,CD4+ T cell,
734,male,CD4+ T cell,
735,male,CD4+ T cell,
736,female,CD4+ T cell,
737,female,CD4+ T cell,
738,male,CD4+ T cell,
739,male,CD4+ T cell,
740,female,CD4+ T cell,
741,female,CD4+ T cell,
742,male,CD4+ T cell,
743,male,CD4+ T cell,
744,female,CD4+ T cell,
745,female,CD4+ T cell,
746,male,CD4+ T cell,
747,male,CD4+ T cell,
748,female,CD4+ T cell,
749,female,CD4+ T cell,
750,male,CD4+ T cell,
751,male,CD4+ T cell,
752,female,CD4+ T cell,
753,female,CD4+ T cell,
754,male,CD4+ T cell,
755,male,CD4+ T cell,
756,female,CD4+ T cell,
757,female,CD4+ T cell,
758,male,CD4+ T cell,
759,male,CD4+ T cell,
760,female,CD4+ T cell,
761,female,CD4+ T cell,
762,male,CD4+ T cell,
763,male,CD4+ T cell,
764,female,CD4+ T cell,
765,female,CD4+ T cell,
766,male,CD4+ T cell,
767,male,CD4+ T cell,
768,female,CD4+ T cell,
769,female,CD4+ T cell,
770,male,CD4+ T cell,
771,male,CD4+ T cell,
772,female,CD4+ T cell,
773,female,CD4+ T cell,
774,male,CD4+ T cell,
775,male,CD4+ T cell,
776,female,CD4+ T cell,
777,female,CD4+ T cell,
778,male,CD4+ T cell,
779,male,CD4+ T cell,
780,female,CD4+ T cell,
781,female,CD4+ T cell,
782,male,CD4+ T cell,0.4436958614051973
783,male,CD4+ T cell,
784,female,CD4+ T cell,
785,female,CD4+ T cell,
786,male,CD4+ T cell,
787,male,CD4+ T cell,
788,female,CD4+ T cell,
789,female,CD4+ T cell,
790,male,CD4+ T cell,
791,male,CD4+ T cell,
792,female,CD4+ T cell,
793,female,CD4+ T cell,
794,male,CD4+ T cell,
795,male,CD4+ T cell,
796,female,CD4+ T cell,
797,female,CD4+ T cell,
798,male,CD4+ T cell,
799,male,CD4+ T cell,
800,female,CD4+ T cell,
801,female,CD4+ T cell,
802,male,CD4+ T cell,
803,male,CD4+ T cell,
804,female,CD4+ T cell,
805,female,CD4+ T cell,
806,male,CD4+ T cell,0.11038381434096994
807,male,CD4+ T cell,0.08468468468468468
808,female,CD4+ T cell,
809,female,CD4+ T cell,
810,male,CD4+ T cell,
811,male,CD4+ T cell,
812,female,CD4+ T cell,
813,female,CD4+ T cell,
814,male,CD4+ T cell,
815,male,CD4+ T cell,
816,female,CD4+ T cell,
817,female,CD4+ T cell,0.21203922894825836
818,male,CD4+ T cell,
819,male,CD4+ T cell,
820,female,CD4+ T cell,
821,female,CD4+ T cell,0.3927392739273927
822,male,CD4+ T cell,
823,male,CD4+ T cell,
824,female,CD4+ T cell,
825,female,CD4+ T cell,
826,male,CD4+ T cell,
827,male,CD4+ T cell,
828,female,CD4+ T cell,
829,female,CD4+ T cell,
830,male,CD4+ T cell,
831,male,CD4+ T cell,
832,female,CD4+ T cell,
833,female,CD4+ T cell,0.4404304381245196
834,male,CD4+ T cell,
835,male,CD4+ T cell,
836,female,CD4+ T cell,
837,female,CD4+ T cell,
838,male,CD4+ T cell,
839,male,CD4+ T cell,
840,female,CD4+ T cell,
841,female,CD4+ T cell,
842,male,CD4+ T cell,
843,male,CD4+ T cell,
844,female,CD4+ T cell,
845,female,CD4+ T cell,
846,male,CD4+ T cell,
847,male,CD4+ T cell,
848,female,CD4+ T cell,
849,female,CD4+ T cell,
850,male,CD4+ T cell,
851,male,CD4+ T cell,
852,female,CD4+ T cell,
853,female,CD4+ T cell,
854,male,CD4+ T cell,
855,male,CD4+ T cell,
856,female,CD4+ T cell,
857,female,CD4+ T cell,
858,male,CD4+ T cell,
859,male,CD4+ T cell,
860,female,CD4+ T cell,
861,female,CD4+ T cell,
862,male,CD4+ T cell,
863,male,CD4+ T cell,
864,female,CD4+ T cell,
865,female,CD4+ T cell,
866,male,CD4+ T cell,
867,male,CD4+ T cell,
868,female,CD4+ T cell,0.5492753623188406
869,female,CD4+ T cell,
870,male,CD4+ T cell,
871,male,CD4+ T cell,
872,female,CD4+ T cell,
873,female,CD4+ T cell,
874,male,CD4+ T cell,
875,male,CD4+ T cell,
876,female,CD4+ T cell,0.2608359133126935
877,female,CD4+ T cell,
878,male,CD4+ T cell,
879,male,CD4+ T cell,
880,female,CD4+ T cell,
881,female,CD4+ T cell,
882,male,CD4+ T cell,0.3135717785399314
883,male,CD4+ T cell,0.33787393162393164
884,female,CD4+ T cell,0.6463562976888201
885,female,CD4+ T cell,0.3437207436137488
886,male,CD4+ T cell,
887,male,CD4+ T cell,
888,female,CD4+ T cell,
889,female,CD4+ T cell,
890,male,CD4+ T cell,
891,male,CD4+ T cell,
892,female,CD4+ T cell,
893,female,CD4+ T cell,
894,male,CD4+ T cell,
895,male,CD4+ T cell,
896,female,CD4+ T cell,0.1345707656612529
897,female,CD4+ T cell,0.3038821954484605
898,male,CD4+ T cell,
899,male,CD4+ T cell,
900,female,CD4+ T cell,0.2249685798072895
901,female,CD4+ T cell,0.28594771241830064
902,male,CD4+ T cell,
903,male,CD4+ T cell,
904,female,CD4+ T cell,0.13576555023923445
905,female,CD4+ T cell,0.2948453608247423
906,male,CD4+ T cell,
907,male,CD4+ T cell,
908,female,CD4+ T cell,
909,female,CD4+ T cell,
910,male,CD4+ T cell,0.27518072289156625
911,male,CD4+ T cell,0.24658215262242109
912,female,CD4+ T cell,0.23854224185532855
913,female,CD4+ T cell,0.32534321202876443
914,male,CD4+ T cell,
915,male,CD4+ T cell,
916,female,CD4+ T cell,
917,female,CD4+ T cell,
918,male,CD4+ T cell,0.39372822299651566
919,male,CD4+ T cell,0.2704565030146425
920,female,CD4+ T cell,0.17166212534059946
921,female,CD4+ T cell,0.38843164151806125
922,male,CD4+ T cell,
923,male,CD4+ T cell,
924,female,CD4+ T cell,0.23977630199231037
925,female,CD4+ T cell,0.2228237332178432
926,male,CD4+ T cell,
927,male,CD4+ T cell,
928,female,CD4+ T cell,
929,female,CD4+ T cell,
930,male,CD4+ T cell,0.09529806884970612
931,male,CD4+ T cell,0.19398606527319398
932,female,CD4+ T cell,0.29469164715066354
933,female,CD4+ T cell,0.2328722002635046
934,male,CD4+ T cell,
935,male,CD4+ T cell,
936,female,CD4+ T cell,0.27889908256880735
937,female,CD4+ T cell,0.3617021276595745
938,male,CD4+ T cell,
939,male,CD4+ T cell,
940,female,CD4+ T cell,
941,female,CD4+ T cell,
942,male,CD4+ T cell,0.09447674418604651
943,male,CD4+ T cell,0.13909520594193112
944,female,CD8+ T cell,
945,female,CD8+ T cell,
946,male,CD8+ T cell,
947,male,CD8+ T cell,
948,female,CD8+ T cell,
949,female,CD8+ T cell,
950,male,CD8+ T cell,
951,male,CD8+ T cell,
952,female,CD8+ T cell,
953,female,CD8+ T cell,
954,male,CD8+ T cell,
955,male,CD8+ T cell,
956,female,CD8+ T cell,
957,female,CD8+ T cell,
958,male,CD8+ T cell,
959,male,CD8+ T cell,
960,female,CD8+ T cell,
961,female,CD8+ T cell,
962,male,CD8+ T cell,
963,male,CD8+ T cell,
964,female,CD8+ T cell,
965,female,CD8+ T cell,
966,male,CD8+ T cell,
967,male,CD8+ T cell,
968,female,CD8+ T cell,
969,female,CD8+ T cell,
970,male,CD8+ T cell,
971,male,CD8+ T cell,
972,female,CD8+ T cell,
973,female,CD8+ T cell,
974,male,CD8+ T cell,
975,male,CD8+ T cell,
976,female,CD8+ T cell,
977,female,CD8+ T cell,
978,male,CD8+ T cell,
979,male,CD8+ T cell,
980,female,CD8+ T cell,
981,female,CD8+ T cell,
982,male,CD8+ T cell,
983,male,CD8+ T cell,
984,female,CD8+ T cell,
985,female,CD8+ T cell,
986,male,CD8+ T cell,
987,male,CD8+ T cell,
988,female,CD8+ T cell,
989,female,CD8+ T cell,
990,male,CD8+ T cell,
991,male,CD8+ T cell,
992,female,CD8+ T cell,
993,female,CD8+ T cell,
994,male,CD8+ T cell,
995,male,CD8+ T cell,
996,female,CD8+ T cell,
997,female,CD8+ T cell,
998,male,CD8+ T cell,
999,male,CD8+ T cell,
1000,female,CD8+ T cell,
1001,female,CD8+ T cell,
1002,male,CD8+ T cell,
1003,male,CD8+ T cell,
1004,female,CD8+ T cell,
1005,female,CD8+ T cell,
1006,male,CD8+ T cell,
1007,male,CD8+ T cell,
1008,female,CD8+ T cell,
1009,female,CD8+ T cell,
1010,male,CD8+ T cell,
1011,male,CD8+ T cell,
1012,female,CD8+ T cell,
1013,female,CD8+ T cell,
1014,male,CD8+ T cell,
1015,male,CD8+ T cell,
1016,female,CD8+ T cell,
1017,female,CD8+ T cell,
1018,male,CD8+ T cell,0.1867179980750722
1019,male,CD8+ T cell,
1020,female,CD8+ T cell,
1021,female,CD8+ T cell,
1022,male,CD8+ T cell,
1023,male,CD8+ T cell,
1024,female,CD8+ T cell,
1025,female,CD8+ T cell,
1026,male,CD8+ T cell,
1027,male,CD8+ T cell,
1028,female,CD8+ T cell,
1029,female,CD8+ T cell,
1030,male,CD8+ T cell,
1031,male,CD8+ T cell,
1032,female,CD8+ T cell,
1033,female,CD8+ T cell,
1034,male,CD8+ T cell,
1035,male,CD8+ T cell,
1036,female,CD8+ T cell,
1037,female,CD8+ T cell,
1038,male,CD8+ T cell,
1039,male,CD8+ T cell,
1040,female,CD8+ T cell,
1041,female,CD8+ T cell,
1042,male,CD8+ T cell,0.19637012793811365
1043,male,CD8+ T cell,0.13603603603603603
1044,female,CD8+ T cell,
1045,female,CD8+ T cell,
1046,male,CD8+ T cell,
1047,male,CD8+ T cell,
1048,female,CD8+ T cell,
1049,female,CD8+ T cell,
1050,male,CD8+ T cell,
1051,male,CD8+ T cell,
1052,female,CD8+ T cell,
1053,female,CD8+ T cell,0.08826513358133244
1054,male,CD8+ T cell,
1055,male,CD8+ T cell,
1056,female,CD8+ T cell,
1057,female,CD8+ T cell,0.38283828382838286
1058,male,CD8+ T cell,
1059,male,CD8+ T cell,
1060,female,CD8+ T cell,
1061,female,CD8+ T cell,
1062,male,CD8+ T cell,
1063,male,CD8+ T cell,
1064,female,CD8+ T cell,
1065,female,CD8+ T cell,
1066,male,CD8+ T cell,
1067,male,CD8+ T cell,
1068,female,CD8+ T cell,
1069,female,CD8+ T cell,0.2744043043812452
1070,male,CD8+ T cell,
1071,male,CD8+ T cell,
1072,female,CD8+ T cell,
1073,female,CD8+ T cell,
1074,male,CD8+ T cell,
1075,male,CD8+ T cell,
1076,female,CD8+ T cell,
1077,female,CD8+ T cell,
1078,male,CD8+ T cell,
1079,male,CD8+ T cell,
1080,female,CD8+ T cell,
1081,female,CD8+ T cell,
1082,male,CD8+ T cell,
1083,male,CD8+ T cell,
1084,female,CD8+ T cell,
1085,female,CD8+ T cell,
1086,male,CD8+ T cell,
1087,male,CD8+ T cell,
1088,female,CD8+ T cell,
1089,female,CD8+ T cell,
1090,male,CD8+ T cell,
1091,male,CD8+ T cell,
1092,female,CD8+ T cell,
1093,female,CD8+ T cell,
1094,male,CD8+ T cell,
1095,male,CD8+ T cell,
1096,female,CD8+ T cell,
1097,female,CD8+ T cell,
1098,male,CD8+ T cell,
1099,male,CD8+ T cell,
1100,female,CD8+ T cell,
1101,female,CD8+ T cell,
1102,male,CD8+ T cell,
1103,male,CD8+ T cell,
1104,female,CD8+ T cell,0.18530020703933747
1105,female,CD8+ T cell,
1106,male,CD8+ T cell,
1107,male,CD8+ T cell,
1108,female,CD8+ T cell,
1109,female,CD8+ T cell,
1110,male,CD8+ T cell,
1111,male,CD8+ T cell,
1112,female,CD8+ T cell,0.293343653250774
1113,female,CD8+ T cell,
1114,male,CD8+ T cell,
1115,male,CD8+ T cell,
1116,female,CD8+ T cell,
1117,female,CD8+ T cell,
1118,male,CD8+ T cell,0.3206761391474767
1119,male,CD8+ T cell,0.34428418803418803
1120,female,CD8+ T cell,0.15758044896605108
1121,female,CD8+ T cell,0.1758726762070349
1122,male,CD8+ T cell,
1123,male,CD8+ T cell,
1124,female,CD8+ T cell,
1125,female,CD8+ T cell,
1126,male,CD8+ T cell,
1127,male,CD8+ T cell,
1128,female,CD8+ T cell,
1129,female,CD8+ T cell,
1130,male,CD8+ T cell,
1131,male,CD8+ T cell,
1132,female,CD8+ T cell,0.05916473317865429
1133,female,CD8+ T cell,0.2222222222222222
1134,male,CD8+ T cell,
1135,male,CD8+ T cell,
1136,female,CD8+ T cell,0.2568077084206116
1137,female,CD8+ T cell,0.2380174291938998
1138,male,CD8+ T cell,
1139,male,CD8+ T cell,
1140,female,CD8+ T cell,0.2452153110047847
1141,female,CD8+ T cell,0.15876288659793814
1142,male,CD8+ T cell,
1143,male,CD8+ T cell,
1144,female,CD8+ T cell,
1145,female,CD8+ T cell,
1146,male,CD8+ T cell,0.10024096385542168
1147,male,CD8+ T cell,0.2776534924185931
1148,female,CD8+ T cell,0.09000552181115405
1149,female,CD8+ T cell,0.12617127914578338
1150,male,CD8+ T cell,
1151,male,CD8+ T cell,
1152,female,CD8+ T cell,
1153,female,CD8+ T cell,
1154,male,CD8+ T cell,0.2663921444409249
1155,male,CD8+ T cell,0.26012058570198104
1156,female,CD8+ T cell,0.1569482288828338
1157,female,CD8+ T cell,0.26154549611339734
1158,male,CD8+ T cell,
1159,male,CD8+ T cell,
1160,female,CD8+ T cell,0.376092275428172
1161,female,CD8+ T cell,0.2067994802944998
1162,male,CD8+ T cell,
1163,male,CD8+ T cell,
1164,female,CD8+ T cell,
1165,female,CD8+ T cell,
1166,male,CD8+ T cell,0.34676742233417296
1167,male,CD8+ T cell,0.337000366703337
1168,female,CD8+ T cell,0.24824355971896955
1169,female,CD8+ T cell,0.1225296442687747
1170,male,CD8+ T cell,
1171,male,CD8+ T cell,
1172,female,CD8+ T cell,0.43211009174311926
1173,female,CD8+ T cell,0.10251450676982592
1174,male,CD8+ T cell,
1175,male,CD8+ T cell,
1176,female,CD8+ T cell,
1177,female,CD8+ T cell,
1178,male,CD8+ T cell,0.2194767441860465
1179,male,CD8+ T cell,0.28190411883862254
1180,female,neutrophil,
1181,female,neutrophil,
1182,male,neutrophil,
1183,male,neutrophil,
1184,female,neutrophil,
1185,female,neutrophil,
1186,male,neutrophil,
1187,male,neutrophil,
1188,female,neutrophil,
1189,female,neutrophil,
1190,male,neutrophil,
1191,male,neutrophil,
1192,female,neutrophil,
1193,female,neutrophil,
1194,male,neutrophil,
1195,male,neutrophil,
1196,female,neutrophil,
1197,female,neutrophil,
1198,male,neutrophil,
1199,male,neutrophil,
1200,female,neutrophil,
1201,female,neutrophil,
1202,male,neutrophil,
1203,male,neutrophil,
1204,female,neutrophil,
1205,female,neutrophil,
1206,male,neutrophil,
1207,male,neutrophil,
1208,female,neutrophil,
1209,female,neutrophil,
1210,male,neutrophil,
1211,male,neutrophil,
1212,female,neutrophil,
1213,female,neutrophil,
1214,male,neutrophil,
1215,male,neutrophil,
1216,female,neutrophil,
1217,female,neutrophil,
1218,male,neutrophil,
1219,male,neutrophil,
1220,female,neutrophil,
1221,female,neutrophil,
1222,male,neutrophil,
1223,male,neutrophil,
1224,female,neutrophil,
1225,female,neutrophil,
1226,male,neutrophil,
1227,male,neutrophil,
1228,female,neutrophil,
1229,female,neutrophil,
1230,male,neutrophil,
1231,male,neutrophil,
1232,female,neutrophil,
1233,female,neutrophil,
1234,male,neutrophil,
1235,male,neutrophil,
1236,female,neutrophil,
1237,female,neutrophil,
1238,male,neutrophil,
1239,male,neutrophil,
1240,female,neutrophil,
1241,female,neutrophil,
1242,male,neutrophil,
1243,male,neutrophil,
1244,female,neutrophil,
1245,female,neutrophil,
1246,male,neutrophil,
1247,male,neutrophil,
1248,female,neutrophil,
1249,female,neutrophil,
1250,male,neutrophil,
1251,male,neutrophil,
1252,female,neutrophil,
1253,female,neutrophil,
1254,male,neutrophil,0.00048123195380173246
1255,male,neutrophil,
1256,female,neutrophil,
1257,female,neutrophil,
1258,male,neutrophil,
1259,male,neutrophil,
1260,female,neutrophil,
1261,female,neutrophil,
1262,male,neutrophil,
1263,male,neutrophil,
1264,female,neutrophil,
1265,female,neutrophil,
1266,male,neutrophil,
1267,male,neutrophil,
1268,female,neutrophil,
1269,female,neutrophil,
1270,male,neutrophil,
1271,male,neutrophil,
1272,female,neutrophil,
1273,female,neutrophil,
1274,male,neutrophil,
1275,male,neutrophil,
1276,female,neutrophil,
1277,female,neutrophil,
1278,male,neutrophil,0.0002975304968759298
1279,male,neutrophil,0.0009009009009009009
1280,female,neutrophil,
1281,female,neutrophil,
1282,male,neutrophil,
1283,male,neutrophil,
1284,female,neutrophil,
1285,female,neutrophil,
1286,male,neutrophil,
1287,male,neutrophil,
1288,female,neutrophil,
1289,female,neutrophil,0.00033818058843422386
1290,male,neutrophil,
1291,male,neutrophil,
1292,female,neutrophil,
1293,female,neutrophil,0.0016501650165016502
1294,male,neutrophil,
1295,male,neutrophil,
1296,female,neutrophil,
1297,female,neutrophil,
1298,male,neutrophil,
1299,male,neutrophil,
1300,female,neutrophil,
1301,female,neutrophil,
1302,male,neutrophil,
1303,male,neutrophil,
1304,female,neutrophil,
1305,female,neutrophil,0.0007686395080707148
1306,male,neutrophil,
1307,male,neutrophil,
1308,female,neutrophil,
1309,female,neutrophil,
1310,male,neutrophil,
1311,male,neutrophil,
1312,female,neutrophil,
1313,female,neutrophil,
1314,male,neutrophil,
1315,male,neutrophil,
1316,female,neutrophil,
1317,female,neutrophil,
1318,male,neutrophil,
1319,male,neutrophil,
1320,female,neutrophil,
1321,female,neutrophil,
1322,male,neutrophil,
1323,male,neutrophil,
1324,female,neutrophil,
1325,female,neutrophil,
1326,male,neutrophil,
1327,male,neutrophil,
1328,female,neutrophil,
1329,female,neutrophil,
1330,male,neutrophil,
1331,male,neutrophil,
1332,female,neutrophil,
1333,female,neutrophil,
1334,male,neutrophil,
1335,male,neutrophil,
1336,female,neutrophil,
1337,female,neutrophil,
1338,male,neutrophil,
1339,male,neutrophil,
1340,female,neutrophil,0.00020703933747412008
1341,female,neutrophil,
1342,male,neutrophil,
1343,male,neutrophil,
1344,female,neutrophil,
1345,female,neutrophil,
1346,male,neutrophil,
1347,male,neutrophil,
1348,female,neutrophil,0.0001934984520123839
1349,female,neutrophil,
1350,male,neutrophil,
1351,male,neutrophil,
1352,female,neutrophil,
1353,female,neutrophil,
1354,male,neutrophil,0.0002449779519843214
1355,male,neutrophil,0.0010683760683760685
1356,female,neutrophil,0.00044233108481698554
1357,female,neutrophil,0.0005349739200213989
1358,male,neutrophil,
1359,male,neutrophil,
1360,female,neutrophil,
1361,female,neutrophil,
1362,male,neutrophil,
1363,male,neutrophil,
1364,female,neutrophil,
1365,female,neutrophil,
1366,male,neutrophil,
1367,male,neutrophil,
1368,female,neutrophil,0.03480278422273782
1369,female,neutrophil,0.0013386880856760374
1370,male,neutrophil,
1371,male,neutrophil,
1372,female,neutrophil,0.01466275659824047
1373,female,neutrophil,0.008169934640522876
1374,male,neutrophil,
1375,male,neutrophil,
1376,female,neutrophil,0.17703349282296652
1377,female,neutrophil,0.09123711340206185
1378,male,neutrophil,
1379,male,neutrophil,
1380,female,neutrophil,
1381,female,neutrophil,
1382,male,neutrophil,0.34072289156626506
1383,male,neutrophil,0.13149391001739996
1384,female,neutrophil,0.18166758696852567
1385,female,neutrophil,0.049030289823490954
1386,male,neutrophil,
1387,male,neutrophil,
1388,female,neutrophil,
1389,female,neutrophil,
1390,male,neutrophil,0.04592968007602154
1391,male,neutrophil,0.017226528854435832
1392,female,neutrophil,0.0888283378746594
1393,female,neutrophil,0.08436213991769548
1394,male,neutrophil,
1395,male,neutrophil,
1396,female,neutrophil,0.19748339741349177
1397,female,neutrophil,0.04374187960155912
1398,male,neutrophil,
1399,male,neutrophil,
1400,female,neutrophil,
1401,female,neutrophil,
1402,male,neutrophil,0.14483627204030228
1403,male,neutrophil,0.03777044371103777
1404,female,neutrophil,0.11241217798594848
1405,female,neutrophil,0.03557312252964427
1406,male,neutrophil,
1407,male,neutrophil,
1408,female,neutrophil,0.1981651376146789
1409,female,neutrophil,0.0425531914893617
1410,male,neutrophil,
1411,male,neutrophil,
1412,female,neutrophil,
1413,female,neutrophil,
1414,male,neutrophil,0.16424418604651161
1415,male,neutrophil,0.056043214044564485
1416,female,regulatory T cell,
1417,female,regulatory T cell,
1418,male,regulatory T cell,
1419,male,regulatory T cell,
1420,female,regulatory T cell,
1421,female,regulatory T cell,
1422,male,regulatory T cell,
1423,male,regulatory T cell,
1424,female,regulatory T cell,
1425,female,regulatory T cell,
1426,male,regulatory T cell,
1427,male,regulatory T cell,
1428,female,regulatory T cell,
1429,female,regulatory T cell,
1430,male,regulatory T cell,
1431,male,regulatory T cell,
1432,female,regulatory T cell,
1433,female,regulatory T cell,
1434,male,regulatory T cell,
1435,male,regulatory T cell,
1436,female,regulatory T cell,
1437,female,regulatory T cell,
1438,male,regulatory T cell,
1439,male,regulatory T cell,
1440,female,regulatory T cell,
1441,female,regulatory T cell,
1442,male,regulatory T cell,
1443,male,regulatory T cell,
1444,female,regulatory T cell,
1445,female,regulatory T cell,
1446,male,regulatory T cell,
1447,male,regulatory T cell,
1448,female,regulatory T cell,
1449,female,regulatory T cell,
1450,male,regulatory T cell,
1451,male,regulatory T cell,
1452,female,regulatory T cell,
1453,female,regulatory T cell,
1454,male,regulatory T cell,
1455,male,regulatory T cell,
1456,female,regulatory T cell,
1457,female,regulatory T cell,
1458,male,regulatory T cell,
1459,male,regulatory T cell,
1460,female,regulatory T cell,
1461,female,regulatory T cell,
1462,male,regulatory T cell,
1463,male,regulatory T cell,
1464,female,regulatory T cell,
1465,female,regulatory T cell,
1466,male,regulatory T cell,
1467,male,regulatory T cell,
1468,female,regulatory T cell,
1469,female,regulatory T cell,
1470,male,regulatory T cell,
1471,male,regulatory T cell,
1472,female,regulatory T cell,
1473,female,regulatory T cell,
1474,male,regulatory T cell,
1475,male,regulatory T cell,
1476,female,regulatory T cell,
1477,female,regulatory T cell,
1478,male,regulatory T cell,
1479,male,regulatory T cell,
1480,female,regulatory T cell,
1481,female,regulatory T cell,
1482,male,regulatory T cell,
1483,male,regulatory T cell,
1484,female,regulatory T cell,
1485,female,regulatory T cell,
1486,male,regulatory T cell,
1487,male,regulatory T cell,
1488,female,regulatory T cell,
1489,female,regulatory T cell,
1490,male,regulatory T cell,0.024542829643888354
1491,male,regulatory T cell,
1492,female,regulatory T cell,
1493,female,regulatory T cell,
1494,male,regulatory T cell,
1495,male,regulatory T cell,
1496,female,regulatory T cell,
1497,female,regulatory T cell,
1498,male,regulatory T cell,
1499,male,regulatory T cell,
1500,female,regulatory T cell,
1501,female,regulatory T cell,
1502,male,regulatory T cell,
1503,male,regulatory T cell,
1504,female,regulatory T cell,
1505,female,regulatory T cell,
1506,male,regulatory T cell,
1507,male,regulatory T cell,
1508,female,regulatory T cell,
1509,female,regulatory T cell,
1510,male,regulatory T cell,
1511,male,regulatory T cell,
1512,female,regulatory T cell,
1513,female,regulatory T cell,
1514,male,regulatory T cell,0.002975304968759298
1515,male,regulatory T cell,0.05855855855855856
1516,female,regulatory T cell,
1517,female,regulatory T cell,
1518,male,regulatory T cell,
1519,male,regulatory T cell,
1520,female,regulatory T cell,
1521,female,regulatory T cell,
1522,male,regulatory T cell,
1523,male,regulatory T cell,
1524,female,regulatory T cell,
1525,female,regulatory T cell,0.01927629354075076
1526,male,regulatory T cell,
1527,male,regulatory T cell,
1528,female,regulatory T cell,
1529,female,regulatory T cell,0.09735973597359736
1530,male,regulatory T cell,
1531,male,regulatory T cell,
1532,female,regulatory T cell,
1533,female,regulatory T cell,
1534,male,regulatory T cell,
1535,male,regulatory T cell,
1536,female,regulatory T cell,
1537,female,regulatory T cell,
1538,male,regulatory T cell,
1539,male,regulatory T cell,
1540,female,regulatory T cell,
1541,female,regulatory T cell,0.07686395080707148
1542,male,regulatory T cell,
1543,male,regulatory T cell,
1544,female,regulatory T cell,
1545,female,regulatory T cell,
1546,male,regulatory T cell,
1547,male,regulatory T cell,
1548,female,regulatory T cell,
1549,female,regulatory T cell,
1550,male,regulatory T cell,
1551,male,regulatory T cell,
1552,female,regulatory T cell,
1553,female,regulatory T cell,
1554,male,regulatory T cell,
1555,male,regulatory T cell,
1556,female,regulatory T cell,
1557,female,regulatory T cell,
1558,male,regulatory T cell,
1559,male,regulatory T cell,
1560,female,regulatory T cell,
1561,female,regulatory T cell,
1562,male,regulatory T cell,
1563,male,regulatory T cell,
1564,female,regulatory T cell,
1565,female,regulatory T cell,
1566,male,regulatory T cell,
1567,male,regulatory T cell,
1568,female,regulatory T cell,
1569,female,regulatory T cell,
1570,male,regulatory T cell,
1571,male,regulatory T cell,
1572,female,regulatory T cell,
1573,female,regulatory T cell,
1574,male,regulatory T cell,
1575,male,regulatory T cell,
1576,female,regulatory T cell,0.026915113871635612
1577,female,regulatory T cell,
1578,male,regulatory T cell,
1579,male,regulatory T cell,
1580,female,regulatory T cell,
1581,female,regulatory T cell,
1582,male,regulatory T cell,
1583,male,regulatory T cell,
1584,female,regulatory T cell,0.018188854489164085
1585,female,regulatory T cell,
1586,male,regulatory T cell,
1587,male,regulatory T cell,
1588,female,regulatory T cell,
1589,female,regulatory T cell,
1590,male,regulatory T cell,0.012983831455169036
1591,male,regulatory T cell,0.04139957264957265
1592,female,regulatory T cell,0.053411478491651
1593,female,regulatory T cell,0.0744951183629798
1594,male,regulatory T cell,
1595,male,regulatory T cell,
1596,female,regulatory T cell,
1597,female,regulatory T cell,
1598,male,regulatory T cell,
1599,male,regulatory T cell,
1600,female,regulatory T cell,
1601,female,regulatory T cell,
1602,male,regulatory T cell,
1603,male,regulatory T cell,
1604,female,regulatory T cell,0.013921113689095127
1605,female,regulatory T cell,0.11780455153949129
1606,male,regulatory T cell,
1607,male,regulatory T cell,
1608,female,regulatory T cell,0.012149141181399247
1609,female,regulatory T cell,0.09967320261437909
1610,male,regulatory T cell,
1611,male,regulatory T cell,
1612,female,regulatory T cell,0.007177033492822967
1613,female,regulatory T cell,0.04639175257731959
1614,male,regulatory T cell,
1615,male,regulatory T cell,
1616,female,regulatory T cell,
1617,female,regulatory T cell,
1618,male,regulatory T cell,0.026987951807228915
1619,male,regulatory T cell,0.15635098185433757
1620,female,regulatory T cell,0.015092950487759986
1621,female,regulatory T cell,0.12006973196774896
1622,male,regulatory T cell,
1623,male,regulatory T cell,
1624,female,regulatory T cell,
1625,female,regulatory T cell,
1626,male,regulatory T cell,0.012353500158378208
1627,male,regulatory T cell,0.050531151306345105
1628,female,regulatory T cell,0.005994550408719346
1629,female,regulatory T cell,0.08596250571559214
1630,male,regulatory T cell,
1631,male,regulatory T cell,
1632,female,regulatory T cell,0.029360363509262497
1633,female,regulatory T cell,0.07275877003031615
1634,male,regulatory T cell,
1635,male,regulatory T cell,
1636,female,regulatory T cell,
1637,female,regulatory T cell,
1638,male,regulatory T cell,0.00797649034424853
1639,male,regulatory T cell,0.10707737440410708
1640,female,regulatory T cell,0.01327088212334114
1641,female,regulatory T cell,0.045783926218708824
1642,male,regulatory T cell,
1643,male,regulatory T cell,
1644,female,regulatory T cell,0.031192660550458717
1645,female,regulatory T cell,0.06382978723404255
1646,male,regulatory T cell,
1647,male,regulatory T cell,
1648,female,regulatory T cell,
1649,female,regulatory T cell,
1650,male,regulatory T cell,0.00872093023255814
1651,male,regulatory T cell,0.04355165428764349
1652,female,malignant cell,
1653,female,malignant cell,
1654,male,malignant cell,
1655,male,malignant cell,
1656,female,malignant cell,
1657,female,malignant cell,
1658,male,malignant cell,
1659,male,malignant cell,
1660,female,malignant cell,
1661,female,malignant cell,
1662,male,malignant cell,
1663,male,malignant cell,
1664,female,malignant cell,
1665,female,malignant cell,
1666,male,malignant cell,
1667,male,malignant cell,
1668,female,malignant cell,
1669,female,malignant cell,
1670,male,malignant cell,
1671,male,malignant cell,
1672,female,malignant cell,
1673,female,malignant cell,
1674,male,malignant cell,
1675,male,malignant cell,
1676,female,malignant cell,
1677,female,malignant cell,
1678,male,malignant cell,
1679,male,malignant cell,
1680,female,malignant cell,
1681,female,malignant cell,
1682,male,malignant cell,
1683,male,malignant cell,
1684,female,malignant cell,
1685,female,malignant cell,
1686,male,malignant cell,
1687,male,malignant cell,
1688,female,malignant cell,
1689,female,malignant cell,
1690,male,malignant cell,
1691,male,malignant cell,
1692,female,malignant cell,
1693,female,malignant cell,
1694,male,malignant cell,
1695,male,malignant cell,
1696,female,malignant cell,
1697,female,malignant cell,
1698,male,malignant cell,
1699,male,malignant cell,
1700,female,malignant cell,
1701,female,malignant cell,
1702,male,malignant cell,
1703,male,malignant cell,
1704,female,malignant cell,
1705,female,malignant cell,
1706,male,malignant cell,
1707,male,malignant cell,
1708,female,malignant cell,
1709,female,malignant cell,
1710,male,malignant cell,
1711,male,malignant cell,
1712,female,malignant cell,
1713,female,malignant cell,
1714,male,malignant cell,
1715,male,malignant cell,
1716,female,malignant cell,
1717,female,malignant cell,
1718,male,malignant cell,
1719,male,malignant cell,
1720,female,malignant cell,
1721,female,malignant cell,
1722,male,malignant cell,
1723,male,malignant cell,
1724,female,malignant cell,
1725,female,malignant cell,
1726,male,malignant cell,0.03176130895091434
1727,male,malignant cell,
1728,female,malignant cell,
1729,female,malignant cell,
1730,male,malignant cell,
1731,male,malignant cell,
1732,female,malignant cell,
1733,female,malignant cell,
1734,male,malignant cell,
1735,male,malignant cell,
1736,female,malignant cell,
1737,female,malignant cell,
1738,male,malignant cell,
1739,male,malignant cell,
1740,female,malignant cell,
1741,female,malignant cell,
1742,male,malignant cell,
1743,male,malignant cell,
1744,female,malignant cell,
1745,female,malignant cell,
1746,male,malignant cell,
1747,male,malignant cell,
1748,female,malignant cell,
1749,female,malignant cell,
1750,male,malignant cell,0.0008925914906277894
1751,male,malignant cell,0.2747747747747748
1752,female,malignant cell,
1753,female,malignant cell,
1754,male,malignant cell,
1755,male,malignant cell,
1756,female,malignant cell,
1757,female,malignant cell,
1758,male,malignant cell,
1759,male,malignant cell,
1760,female,malignant cell,
1761,female,malignant cell,0.024010821778829895
1762,male,malignant cell,
1763,male,malignant cell,
1764,female,malignant cell,
1765,female,malignant cell,0.00825082508250825
1766,male,malignant cell,
1767,male,malignant cell,
1768,female,malignant cell,
1769,female,malignant cell,
1770,male,malignant cell,
1771,male,malignant cell,
1772,female,malignant cell,
1773,female,malignant cell,
1774,male,malignant cell,
1775,male,malignant cell,
1776,female,malignant cell,
1777,female,malignant cell,0.0030745580322828594
1778,male,malignant cell,
1779,male,malignant cell,
1780,female,malignant cell,
1781,female,malignant cell,
1782,male,malignant cell,
1783,male,malignant cell,
1784,female,malignant cell,
1785,female,malignant cell,
1786,male,malignant cell,
1787,male,malignant cell,
1788,female,malignant cell,
1789,female,malignant cell,
1790,male,malignant cell,
1791,male,malignant cell,
1792,female,malignant cell,
1793,female,malignant cell,
1794,male,malignant cell,
1795,male,malignant cell,
1796,female,malignant cell,
1797,female,malignant cell,
1798,male,malignant cell,
1799,male,malignant cell,
1800,female,malignant cell,
1801,female,malignant cell,
1802,male,malignant cell,
1803,male,malignant cell,
1804,female,malignant cell,
1805,female,malignant cell,
1806,male,malignant cell,
1807,male,malignant cell,
1808,female,malignant cell,
1809,female,malignant cell,
1810,male,malignant cell,
1811,male,malignant cell,
1812,female,malignant cell,0.011387163561076604
1813,female,malignant cell,
1814,male,malignant cell,
1815,male,malignant cell,
1816,female,malignant cell,
1817,female,malignant cell,
1818,male,malignant cell,
1819,male,malignant cell,
1820,female,malignant cell,0.0011609907120743034
1821,female,malignant cell,
1822,male,malignant cell,
1823,male,malignant cell,
1824,female,malignant cell,
1825,female,malignant cell,
1826,male,malignant cell,0.0017148456638902498
1827,male,malignant cell,0.008547008547008548
1828,female,malignant cell,0.002322238195289174
1829,female,malignant cell,0.042530426641701216
1830,male,malignant cell,
1831,male,malignant cell,
1832,female,malignant cell,
1833,female,malignant cell,
1834,male,malignant cell,
1835,male,malignant cell,
1836,female,malignant cell,
1837,female,malignant cell,
1838,male,malignant cell,
1839,male,malignant cell,
1840,female,malignant cell,0.000580046403712297
1841,female,malignant cell,0.09303882195448461
1842,male,malignant cell,
1843,male,malignant cell,
1844,female,malignant cell,0.0016757436112274822
1845,female,malignant cell,0.01906318082788671
1846,male,malignant cell,
1847,male,malignant cell,
1848,female,malignant cell,0.0017942583732057417
1849,female,malignant cell,0.07371134020618557
1850,male,malignant cell,
1851,male,malignant cell,
1852,female,malignant cell,
1853,female,malignant cell,
1854,male,malignant cell,0.05349397590361446
1855,male,malignant cell,0.112353964702958
1856,female,malignant cell,0.005153690410454629
1857,female,malignant cell,0.04663325343212029
1858,male,malignant cell,
1859,male,malignant cell,
1860,female,malignant cell,
1861,female,malignant cell,
1862,male,malignant cell,0.005384859043395629
1863,male,malignant cell,0.20872810795291416
1864,female,malignant cell,0.0016348773841961854
1865,female,malignant cell,0.004572473708276178
1866,male,malignant cell,
1867,male,malignant cell,
1868,female,malignant cell,0.0013981125480601187
1869,female,malignant cell,0.1249458640103941
1870,male,malignant cell,
1871,male,malignant cell,
1872,female,malignant cell,
1873,female,malignant cell,
1874,male,malignant cell,0.0054575986565911
1875,male,malignant cell,0.14814814814814814
1876,female,malignant cell,0.00117096018735363
1877,female,malignant cell,0.04710144927536232
1878,male,malignant cell,
1879,male,malignant cell,
1880,female,malignant cell,0.005504587155963303
1881,female,malignant cell,0.218568665377176
1882,male,malignant cell,
1883,male,malignant cell,
1884,female,malignant cell,
1885,female,malignant cell,
1886,male,malignant cell,0.005329457364341085
1887,male,malignant cell,0.1100607697501688
